{"cameraMode":{"drawMode":0,"name":"Shaded","section":"Shading Mode"},"sceneLighting":true,"audioPlay":false,"sceneViewState":{"showFog":true,"showMaterialUpdate":false,"showSkybox":true,"showFlares":true,"showImageEffects":true,"showParticleSystems":true},"in2DMode":false,"pivot":{"x":1.1125459671020508,"y":-0.665928840637207,"z":-0.3030662536621094},"rotation":{"x":0.10228874534368515,"y":-0.8972141146659851,"z":0.3191124498844147,"w":0.28759995102882388},"size":7.280237197875977,"orthographic":false}